DataSetName,Model,Initial Accuracy,Accuracy,Precision,Recall,ROC_auc,PR_auc,F1-Score,Initial Accuracy Train
Covid-19_ICU_Admission,nn,,0.8765217391304347,0.8032786885245902,0.6758620689655173,0.8100240577385726,0.6246447268169195,0.7340823970037454,0.8678260869565217
Covid-19_ICU_Admission,knn,,0.8591304347826086,0.8076923076923077,0.5793103448275863,0.7663993584603048,0.5739914658055587,0.674698795180723,0.8208695652173913
Covid-19_ICU_Admission,svm_rbf,,0.8521739130434782,0.6724137931034483,0.8068965517241379,0.8371692060946271,0.5912640231608334,0.7335423197492164,0.8660869565217392
Covid-19_ICU_Admission,svm_sigmoid,,0.8330434782608696,0.7378640776699029,0.5241379310344828,0.7306736166800322,0.5067425510545698,0.6129032258064516,0.7895652173913044
Covid-19_ICU_Admission,dt,,0.8365217391304348,0.6688741721854304,0.696551724137931,0.7901363271852445,0.5424271969975276,0.6824324324324323,0.8208695652173913
Covid-19_ICU_Admission,ada,,0.8678260869565217,0.7412587412587412,0.7310344827586207,0.8224939855653569,0.6097117874629119,0.736111111111111,0.8608695652173913
