iterations,fitness,time,fevals
0,15.0,0.006909401,674
10,14.0,0.012012382,1246
20,14.0,0.018421901,1811
30,14.0,0.025678521,2373
40,15.0,0.034461596,2955
50,15.0,0.042022435,3544
60,15.0,0.048349819,4124
70,15.0,0.054675047,4690
80,15.0,0.060063809,5272
90,14.0,0.067698494,5840
