iterations,fitness,time,fevals
0,15.0,0.0196482,646
10,15.0,0.071900132,1202
20,15.0,0.078661434,1750
30,15.0,0.083847286,2303
40,15.0,0.087684351,2854
50,15.0,0.093128391,3408
60,15.0,0.12605984,3952
70,15.0,0.134945866,4493
80,15.0,0.142034702,5043
90,15.0,0.246445927,5594
