iterations,fitness,time,fevals
0,15.0,0.006249364,731
10,15.0,0.014554079,1356
20,15.0,0.02213827,1988
30,15.0,0.029410459,2619
40,15.0,0.03883267,3246
50,15.0,0.048298762,3885
60,15.0,0.05743627,4513
70,15.0,0.065936898,5144
80,15.0,0.074564934,5776
90,15.0,0.082586138,6411
