iterations,fitness,time,fevals
0,15.0,0.002181401,663
10,15.0,0.008293545,1243
20,15.0,0.013091525,1826
30,15.0,0.018492019,2402
40,15.0,0.023727668,2971
50,15.0,0.026360981,3554
60,15.0,0.028919188,4124
70,15.0,0.031778779,4699
80,15.0,0.034270914,5262
90,15.0,0.039869876,5856
