iterations,fitness,time,fevals
0,14.0,0.002983009,652
10,15.0,0.00875592,1193
20,15.0,0.012644985,1738
30,14.0,0.01639811,2283
40,15.0,0.019991367,2834
50,15.0,0.026013073,3385
60,15.0,0.027880977,3932
70,15.0,0.029897503,4482
80,15.0,0.032624098,5027
90,15.0,0.036113001,5579
