iterations,fitness,time,fevals
0,14.0,0.004997655,791
10,14.0,0.009386271,1475
20,15.0,0.015725511,2181
30,14.0,0.019568716,2867
40,14.0,0.024602869,3571
50,15.0,0.028381853,4256
60,14.0,0.031900184,4952
70,15.0,0.035618646,5664
80,15.0,0.039274688,6356
90,15.0,0.042870705,7052
