iterations,fitness,time,fevals
0,15.0,0.011024929,594
10,14.0,0.017557012,1085
20,15.0,0.025252776,1554
30,15.0,0.03098825,2034
40,15.0,0.036839915,2493
50,15.0,0.044998968,2974
60,15.0,0.052797176,3456
70,15.0,0.058573792,3935
80,15.0,0.067323122,4407
90,15.0,0.074357314,4877
