iterations,fitness,time,fevals
0,15.0,0.00378104,549
10,15.0,0.006992296,1009
20,15.0,0.010237391,1448
30,15.0,0.013699988,1924
40,15.0,0.018422278,2388
50,15.0,0.024192905,2849
60,15.0,0.027711966,3291
70,15.0,0.030934022,3743
80,15.0,0.034159016,4212
90,15.0,0.037627144,4661
