iterations,fitness,time,fevals
0,15.0,0.004797146,469
10,15.0,0.007878265,836
20,15.0,0.014151954,1191
30,15.0,0.022252787,1554
40,15.0,0.026092945,1923
50,15.0,0.030890432,2292
60,15.0,0.035603247,2652
70,15.0,0.040731178,3021
80,15.0,0.046637341,3390
90,15.0,0.052489397,3758
