iterations,fitness,time,fevals
0,15.0,0.025135671,793
10,15.0,0.038057816,1489
20,15.0,0.054858545,2176
30,15.0,0.072724618,2879
40,15.0,0.135243803,3595
50,15.0,0.145047354,4301
60,15.0,0.154955901,5003
70,15.0,0.167724144,5701
80,15.0,0.187822306,6395
90,15.0,0.201460784,7078
