iterations,fitness,time,fevals
0,15.0,0.003797871,684
10,15.0,0.007072462,1265
20,15.0,0.011182493,1854
30,15.0,0.014475778,2422
40,15.0,0.019042644,3007
50,15.0,0.021368187,3574
60,15.0,0.024347205,4148
70,15.0,0.027084151,4709
80,15.0,0.030320475,5269
90,15.0,0.033528929,5849
