iterations,fitness,time,fevals
0,14.0,0.006564599,651
10,15.0,0.015729575,1205
20,15.0,0.022875881,1751
30,15.0,0.02918799,2308
40,15.0,0.036250379,2852
50,15.0,0.042993273,3406
60,15.0,0.049567392,3970
70,15.0,0.057513675,4522
80,15.0,0.064057318,5076
90,15.0,0.069986903,5628
