iterations,fitness,time,fevals
0,15.0,0.010120545,653
10,14.0,0.018241764,1198
20,15.0,0.02463942,1738
30,15.0,0.033919328,2286
40,15.0,0.040687215,2832
50,15.0,0.047846382,3376
60,15.0,0.05159336,3919
70,15.0,0.060131827,4466
80,15.0,0.066312575,5015
90,15.0,0.074567836,5559
