iterations,fitness,time,fevals
0,15.0,0.00474603,584
10,15.0,0.013938313,1064
20,15.0,0.016981648,1550
30,15.0,0.020551923,2027
40,15.0,0.023097042,2515
50,15.0,0.026937241,2996
60,15.0,0.02982465,3471
70,15.0,0.033821172,3955
80,15.0,0.035613475,4436
90,15.0,0.039805783,4931
