iterations,fitness,time,fevals
0,15.0,0.003499448,442
10,15.0,0.009179762,779
20,15.0,0.012673323,1110
30,15.0,0.015409873,1441
40,15.0,0.020582473,1775
50,15.0,0.026951878,2115
60,15.0,0.032544705,2445
70,15.0,0.035423614,2785
80,15.0,0.040555623,3122
90,15.0,0.044138027,3453
