iterations,fitness,time,fevals
0,14.0,0.01024166,719
10,14.0,0.02018204,1344
20,14.0,0.032030917,1986
30,14.0,0.040767606,2628
40,14.0,0.052850301,3270
50,15.0,0.062980982,3904
60,15.0,0.07737714,4530
70,15.0,0.085923321,5159
80,15.0,0.095191714,5789
90,15.0,0.108842265,6418
