iterations,fitness,time,fevals
0,15.0,0.001166602,443
10,15.0,0.00392667,763
20,15.0,0.006068059,1095
30,15.0,0.007610631,1421
40,15.0,0.008899775,1752
50,15.0,0.011518225,2065
60,15.0,0.013701919,2395
70,15.0,0.015410238,2725
80,15.0,0.018271231,3067
90,15.0,0.020762382,3397
