iterations,fitness,time,fevals
0,14.0,0.003002236,435
10,15.0,0.005352194,776
20,14.0,0.008105955,1109
30,14.0,0.010846308,1441
40,14.0,0.01480191,1781
50,14.0,0.017700044,2118
60,15.0,0.022377806,2444
70,15.0,0.024621077,2772
80,15.0,0.027377796,3111
90,15.0,0.030416664,3448
