iterations,fitness,time,fevals
0,14.0,0.01660258,1000
10,14.0,0.031611194,2100
20,14.0,0.044292786,3200
30,14.0,0.057097218,4300
40,14.0,0.067631844,5400
50,14.0,0.073559784,6500
60,14.0,0.090029813,7600
70,14.0,0.10226086,8700
80,14.0,0.114389409,9800
90,14.0,0.126286176,10900
