iterations,fitness,time,fevals
0,14.0,0.017787941,1000
10,14.0,0.034460725,2100
20,14.0,0.053655292,3200
30,15.0,0.069962649,4300
40,14.0,0.084467919,5400
50,14.0,0.101140978,6500
60,14.0,0.116524176,7600
70,14.0,0.131391883,8700
80,14.0,0.147489221,9800
90,14.0,0.16948562,10900
