iterations,fitness,time,fevals
0,15.0,0.038544331,1000
10,15.0,0.059785388,2100
20,15.0,0.09387718,3200
30,15.0,0.109260737,4300
40,15.0,0.124180868,5400
50,15.0,0.141525023,6500
60,15.0,0.158892116,7600
70,15.0,0.183724253,8700
80,15.0,0.202065481,9800
90,15.0,0.22011046,10900
