iterations,fitness,time,fevals
0,15.0,0.016613206,1000
10,15.0,0.031351237,2100
20,15.0,0.046984664,3200
30,15.0,0.05957041,4300
40,15.0,0.070219109,5400
50,15.0,0.080150677,6500
60,15.0,0.09320042,7600
70,15.0,0.102617731,8700
80,15.0,0.108896735,9800
90,15.0,0.130096103,10900
