iterations,fitness,time,fevals
0,15.0,0.010640332,1000
10,15.0,0.023106285,2100
20,15.0,0.036663253,3200
30,14.0,0.047934651,4300
40,15.0,0.06047118,5400
50,14.0,0.074927744,6500
60,15.0,0.088267228,7600
70,14.0,0.097967356,8700
80,15.0,0.10945004,9800
90,14.0,0.11636156,10900
