iterations,fitness,time,fevals
0,13.0,0.000192892,11
10,12.0,0.000414304,21
20,14.0,0.000560174,31
30,14.0,0.000667767,41
40,14.0,0.00089712,51
50,14.0,0.001250403,61
60,14.0,0.00144388,71
70,15.0,0.001646,81
80,15.0,0.001843928,91
90,15.0,0.002024662,101
