iterations,fitness,time,fevals
0,9.0,0.000184384,11
10,14.0,0.000387829,21
20,14.0,0.000607917,31
30,14.0,0.000817137,41
40,15.0,0.006569434,51
50,15.0,0.006793722,61
60,15.0,0.008037143,71
70,15.0,0.008251954,81
80,15.0,0.008455089,91
90,15.0,0.008636134,101
